program	ID	Name	Proponent	Project Type	Distinctions	Status	region	country_area	trop_subtrop	yearMR	mammals	birds	reptiles	amphibians	fish	plants	invertebrates	fungi	protists	prokaryotes	camtrap	accous	traps	DNA	formal_obs	incidental_obs	camtrap_n	accous_n	traps_n	DNA_n	formal_obs_n	incidental_obs_n	animal_mon	sample_based_n_provided	raw_data_avail	mon_results_in_unavail.report	taxa_notes	methods_notes	data_notes	lat_approx	lon_approx	kml	area_ha	ann_emiss_red	notes
CCB	673	Natural High Forest Rehabilitation Project on degraded land of Kibale National Park	Greenchoice	"Afforestation, Reforestation and Revegetation"	Biodiversity Gold	Verification approved	Africa	Uganda	1	2020	1	0	1	0	0	1	0	0	0	0	0	0	0	0	1	0	0	0	0	0	NA	0	"yes, sample based"	N	N	N	only mammals and 1 reptile noted as resulting from the animal censuses; MR mentions that they plan to start monitoring butterflies	"animal censuses are conducted every 5 years; ""transects"" (MR: p 38)"		0.442565	30.36396	1	8593	74181	
CCB	737	"TIST Program in Kenya, VCS 005"	Clean Air Action Corporation	"Afforestation, Reforestation and Revegetation"	Climate Gold; Community Gold; Biodiversity Gold	Verification approved	Africa	Kenya	1	2020	0	0	0	0	0	1	0	0	0	0	0	0	0	0	0	0	0	0	0	0	0	0	none	NA	Y	N	no animals monitored; only vegetation	number of veg plots based on downloaded excel file (see data_notes)	full vegetation data available here: http://www.tist.org/PD-KE-VCS-005%20Documents.php	0.062	37.1001	1	9120	86694	
CCB	738	"Carbon Project in the Emas-Taquari Biodiversity Corridor, Goiás and Mato Grosso do Sul, Brazil"	Multiple Proponents	"Afforestation, Reforestation and Revegetation"	Biodiversity Gold	Verification approved	South America	Brazil	1	2021	1	1	0	0	0	1	0	0	0	0	1	0	1	0	1	1	26	0	NA	0	NA	NA	"yes, sample based"	Y	N	Y	"222 species of birds noted, but a lesser number were named"	"""MacKinnon quantitative method"" was used to quantify birds; jaguars were trapped and GPS tracked; apparently 26 camera trapping stations"	""" annex O and O.1 of the first MIR (Annex B)"" is reported to contain more wildlife data, but not available"	-17.914439	-53.110953	1	520	6870	
CCB	959	‘Guanaré’ Forest Plantations on degraded grasslands under extensive grazing	Guanaré SA	"Afforestation, Reforestation and Revegetation"		Verification approved	South America	Uruguay	1	2020	1	1	1	1	0	1	0	0	0	0	0	0	1	0	1	1	0	0	NA	0	NA	NA	"yes, sample based"	N	N	N	"native plant and amphibian monitoring also mentioned, but no species names provided"	"traps for mammals, ""walking tours"" and auditory surveys for birds and other fauna"		-32.759439	-54.062478	1	21298	127416	
CCB	977	RMDLT Portel - Para REDD Project	RMDLT Property Group Ltd.	Reduced Emissions from Deforestation and Degradation	Climate Gold; Biodiversity Gold	Verification approval requested 	South America	Brazil	1	2021	1	1	0	0	0	0	0	0	0	0	0	0	0	0	0	1	0	0	0	0	0	NA	"yes, incidental"	NA	N	N		"wildlife monitoring via ""information of sightings and recording evidence of species habitation""; vegetation monitored via same plots as carbon measurements (no sample size given)"		-2.685628	-50.885319	1	151105	553273	
CCB	994	"TIST Program in India, VCS 001"	Clean Air Action Corporation	"Afforestation, Reforestation and Revegetation"	Climate Gold; Community Gold; Biodiversity Gold	Verification approved	Asia	India	1	2021	0	0	0	0	0	1	0	0	0	0	0	0	0	0	0	0	0	0	0	0	0	0	none	NA	Y	N	"formal monitoring of tree species; birds and bees mentioned, but not monitored"		raw vegetation monitoring data available: http://www.tist.org/PD-IN-VCS-001%20Documents.php	12.169044	79.278442	1	672	11047	
CCB	1115	JARI/AMAPÁ REDD+ PROJECT	Multiple Proponents	Reduced Emissions from Deforestation and Degradation	Biodiversity Gold	Verification approved	South America	Brazil	1	2020	1	1	0	0	0	1	0	0	0	0	1	0	0	0	1	1	6	0	0	0	6	NA	"yes, sample based"	Y	N	Y	"formal bird, mammal (large/med) & plant monitoring; scarab beetles were planned, but dropped"	6 bird transects surveyed; 6 camera traps plus visual observations & sign; 158 veg plots of 100 x 100m	 the plan mentions an Appendix of indicator species that was not available	-0.81135	-52.383083	1	65982	115009	
CCB	1325	Mjumita Community Forest Project (Lindi)	Multiple Proponents	Reduced Emissions from Deforestation and Degradation	Climate Gold; Community Gold; Biodiversity Gold	Verification approved	Africa	Tanzania	1	2014	1	0	0	0	0	1	0	0	0	0	0	1	0	0	1	1	0	NA	0	0	NA	NA	"yes, sample based"	N	N	Y	formal monitoring for a threatened primate (Galagoides rondoensis ) and targeted monitoring of a few listed plants	nocturnal transect surveys for the primate with audio recorder; targeted searches and marking of threatened plants	data stored at 3 locations by the organization MJUMITA	-9.908892	39.442469	1	42194	46263	
CCB	1326	Laguna Seca Forest Carbon Project	The Nature Conservancy	Reduced Emissions from Deforestation and Degradation	Biodiversity Gold	Verification approval requested 	Central America	Belize	1	2020	1	1	0	0	0	0	0	0	0	0	1	0	0	0	1	1	78	0	0	0	NA	NA	"yes, sample based"	Y	N	Y	"formal camera trap and incidental observation monitoring for ""large/medium"" mammals and birds"	"systematic camera trappings (extensive survey with over 50 locations w 2 cameras each) plus opportunistic surveys; ""bird surveys"" mentioned but no methods provided"	some raw data available in the report; statement that data is kept on DVD in Belize & US (not public)	17.573242	-88.924692	1	8169	255935	
CCB	1340	Bale Mountains Eco-region REDD+ project	Oromia Forest and Wildlife Enterprise	Reduced Emissions from Deforestation and Degradation	Climate Gold; Community Gold; Biodiversity Gold; Gold	Verification approved	Africa	Ethiopia	1	2019	1	0	0	0	0	0	0	0	0	0	0	0	0	0	0	1	0	0	0	0	0	NA	"yes, incidental"	NA	N	N	no formal animal monitoring except community member interviews about wildlife prevalence; MR provides info on regional mammals and birds but no specific sightings from the project area	"no formal biodiversity monitoring: ""...it is very difficult to quantify biodiversity as this was not measured as part of project monitoring."" There is some ""Community Based Monitoring (CBM)"" or local perception of amount of ""wild animal"" sightings and killings in nearby forests (assuming mammals based on T&E species of interest), but no taxa explicity reported; otherwise, just remote sensing"		6.630246	39.412326	0	398532	1288821	
CCB	1360	Forest Management to reduce deforestation and degradation in Shipibo Conibo and Cacataibo Indigenous communities of Ucayali region	Multiple Proponents	Reduced Emissions from Deforestation and Degradation	Climate Gold; Community Gold	Under Verification	South America	Peru	1	2020	1	1	1	0	0	1	0	0	0	0	0	0	0	0	0	1	0	0	0	0	0	NA	"yes, incidental"	NA	N	N	fauna and tree monitoring	"difficult to locate methods for the extensive fauna sightings reported in 5.3.1; tree census plots; fauna apparently from a sightings database and ""fauna monitoring sheets"" filled out by community"	kml file didn't work	-9.234554	-75.183197	0	127004	564818	
CCB	1382	"The Envira Amazonia Project - A Tropical Forest Conservation Project in Acre, Brazil"	Multiple Proponents	Reduced Emissions from Deforestation and Degradation	Climate Gold; Community Gold; Biodiversity Gold	Verification approved	South America	Brazil	1	2021	0	1	0	0	0	1	0	0	0	0	0	0	0	0	1	1	0	0	0	0	NA	NA	"yes, sample based"	N	Y	N	"formal bird and (targeted) plant monitoring; many bird species listed as documented en route, but only 8 species documented on site in 2015"	bird survey used strip transects and followed FAO protocol (number of transects unreported); veg surveys involved documenting individual plants with GPS	bird lists from initial inventory posted in full in report (and available via eBird)	-8.772744	-70.197731	1	39301	1259646	
CCB	1389	Acapa -_ Bajo Mira Y Frontera REDD+ Project	Multiple Proponents	Reduced Emissions from Deforestation and Degradation	Community Gold	Verification public comment period requested 	South America	Colombia	1	2018	0	0	0	0	0	0	0	0	0	0	0	0	0	0	0	0	0	0	0	0	0	0	none	NA	N	N	no 'in field' biodiversity monitoring during the reporting period (2013-2018)	"""in-field and community-based monitoring did not take place during this monitoring period""; only remote sensing"	remotely-sensed imagery available to auditors	1.611633	-78.882122	1	58212	404786	
CCB	1390	Carmen del Darién (CDD) REDD+ Project	Multiple Proponents	Reduced Emissions from Deforestation and Degradation	Community Gold	Verification public comment period requested 	South America	Colombia	1	2017	0	0	0	0	0	0	0	0	0	0	0	0	0	0	0	0	0	0	0	0	0	0	none	NA	N	N	no 'in field' biodiversity monitoring during the reporting period	"""in-field and community-based monitoring did not take place during this monitoring period""; local (transects) and community-based monitoring planned in future"		6.940531	-77.072839	1	118318	462190	
CCB	1391	SIVIRÚ-USARAGÁ-PIZARRO-PILIZÁ (SUPP) REDD+ Project	Multiple Proponents	Reduced Emissions from Deforestation and Degradation	Community Gold	Verification public comment period requested 	South America	Colombia	1	2017	0	0	0	0	0	0	0	0	0	0	0	0	0	0	0	0	0	0	0	0	0	0	none	NA	N	N	no 'in field' biodiversity monitoring during the reporting period	as in 1390 & 1391: the only things monitored were forest cover and aboveground biomass		4.872028	-77.298475	1	47667	312078	
CCB	1392	Cajambre REDD+ Project	Consejo Comunitario de Cajambre	Reduced Emissions from Deforestation and Degradation	Community Gold	Under Verification	South America	Colombia	1	2017	0	0	0	0	0	0	0	0	0	0	0	0	0	0	0	0	0	0	0	0	0	0	none	NA	N	N	no 'in field' biodiversity monitoring during the reporting period	"MR discusses plans for future ""in-field"" monitoring"		3.445772	-77.188664	1	60316	297488	
CCB	1395	Bajo Calima y Bahía Málaga (BCBM) REDD+ Project	Multiple Proponents	Reduced Emissions from Deforestation and Degradation	Community Gold	Verification public comment period requested 	South America	Colombia	1	2017	0	0	0	0	0	0	0	0	0	0	0	0	0	0	0	0	0	0	0	0	0	0	none	NA	N	N	no 'in field' biodiversity monitoring during the reporting period	"MR discusses plans for future ""in-field"" monitoring"		4.014428	-77.030008	1	83452	498719	
CCB	1399	Mutatá REDD+ Project	Cabildo Mayor Indígena de Mutatá	Reduced Emissions from Deforestation and Degradation	Community Gold	Verification public comment period requested 	South America	Colombia	1	2017	0	0	0	0	0	0	0	0	0	0	0	0	0	0	0	0	0	0	0	0	0	0	none	NA	N	N	no 'in field' biodiversity monitoring during the reporting period	"MR discusses plans for future ""in-field"" monitoring"		7.271278	-76.376769	1	34288	156476	
CCB	1400	Concosta REDD+ Project	Consejo Comunitario de Concosta	Reduced Emissions from Deforestation and Degradation	Community Gold	Verification public comment period requested 	South America	Colombia	1	2017	0	0	0	0	0	0	0	0	0	0	0	0	0	0	0	0	0	0	0	0	0	0	none	NA	N	N	no 'in field' biodiversity monitoring during the reporting period	"MR discusses plans for future ""in-field"" monitoring"		4.645778	-77.257869	1	52212	333978	
CCB	1503	RESEX Rio Preto-Jacundá REDD+ Project	Multiple Proponents	Reduced Emissions from Deforestation and Degradation	Community Gold; Biodiversity Gold	Verification approved	South America	Brazil	1	2020	1	1	0	0	0	1	1	0	0	0	0	0	1	0	1	0	0	0	100	0	3	0	"yes, sample based"	Y	N	Y	"frugivorous butterflies' monitored using traps (identified to ""tribe"" level, 10 tribes total), but species not listed; mammal and bird species numbers are max from table"	"monitoring leverages 2 ongoing standardized biodiversity surveys for mammals, birds, and frugivorous butterflies using 3 5000-m transects; Monitora Program and Ecoporé (methods of Pereira et al. 2013)"	Pereira et al. 2013 not readily available	-8.919883	-62.302275	1	94289	414290	
CCB	1530	Grouped Project for Commercial Forest Plantations Initiatives in the Department of Vichada	Multiple Proponents	"Afforestation, Reforestation and Revegetation"		Verification approved	South America	Colombia	1	2020	1	1	0	0	0	1	0	0	0	0	1	1	1	0	1	1	10	NA	18	0	NA	NA	"yes, sample based"	Y	N	Y	"37 mammals (bats, med/large species) noted; birds monitored with mist nets and point counts but no species listed"	camera traps; 2 mist nets x 3 habitats (birds & bats); point counts; accoustic detectors; veg plots; remote sensing	multiple biodiversity monitoring reports cited but not available	5.65615	-68.345311	1	8700	39506	
CCB	1541	Lacandon – Forest for life REDD+ Project	Multiple Proponents	Reduced Emissions from Deforestation and Degradation	Climate Gold; Community Gold; Biodiversity Gold	Verification approved	Central America	Guatemala	1	2014	1	1	0	0	0	0	0	0	0	0	1	0	0	0	0	0	50	0	0	0	0	0	"yes, sample based"	Y	N	N		camera traps were spread across 5 sites		16.983583	-90.962658	1	45289	238875	
CCB	1566	REDD+ Project Resguardo Indigena Unificado Selva de Mataven (RIU SM)	Multiple Proponents	Reduced Emissions from Deforestation and Degradation	Climate Gold	Verification approved	South America	Colombia	1	2019	1	1	0	0	0	1	0	0	0	0	0	0	0	0	0	1	0	0	0	0	0	NA	"yes, incidental"	NA	N	N	"many more taxa identified as present in the region, but only select T&E or endemic species actually listed as being monitored; only the common plant taxa were listed; tree species recorded in surveys along 10 transect lines"	"no animal survey methods specified although a ""social mapping"" method is mentioned (p. 182)"		4	-69	1	1856836	3622352	
CCB	1622	REDD+ Project for Caribbean Guatemala: The Conservation Coast	Fundacion para el Ecodesarrollo y la Conservacion [FUNDAECO]	Reduced Emissions from Deforestation and Degradation	Biodiversity Gold	Verification approval requested 	Central America	Guatemala	1	2019	1	1	0	1	0	0	0	0	0	0	0	0	0	0	1	0	0	0	0	0	NA	0	"yes, sample based"	N	N	Y		bird and mammal methods unspecified	"a ""Bird monitoring report 2019"" and ""Amphibians Monitoring report 2019"" are referenced but not available"	15.679436	-88.823497	1	54157	728161	
CCB	1650	Reduced Emissions from Deforestation and Degradation in Keo Seima Wildlife Sanctuary	"Royal Government of Cambodia (RGC), Ministry of Environment"	Reduced Emissions from Deforestation and Degradation	Biodiversity Gold	Under Verification	Asia	Cambodia	1	2021	1	1	0	0	0	0	0	0	0	0	0	0	0	1	1	1	0	0	0	NA	40	NA	"yes, sample based"	Y	N	N		Elephant fecal DNA sampling (for mark-recapture) every 5 years; 40 line transects of 4 km length each; incidental observations		12.299756	106.964242	1	166983	1426648	
CCB	1653	Carbono Nascentes do Xingu	Instituto Socioambiental	"Afforestation, Reforestation and Revegetation"		Under Verification	South America	Brazil	1	2022	1	1	0	0	0	1	0	0	0	0	0	0	0	0	1	1	0	0	0	0	16	NA	"yes, sample based"	Y	N	Y	26 'animal species' are noted as being listed in 'Annex 6'	formal survey methods not specified but they apparently occur in the 16 sample plots	animal species' are listed in 'Annex 6' which isn't available	-10.013109	-54.016077	0	7	2051	estimated project location based on matching up satelite map features
CCB	1663	Fazenda Sao Paulo Afforestation	CARBON CREDITS CONSULTING S.R.L.	"Afforestation, Reforestation and Revegetation"	Climate Gold	Verification approved	South America	Brazil	1	2018	1	1	1	0	0	1	0	0	0	0	0	0	0	0	0	1	0	0	0	0	0	NA	"yes, incidental"	NA	N	N		"mammals, birds, and reptiles noted by army ant control personele during regular patrols; camera trap survey planned"		-20.731775	-54.300183	1	287	19380	
CCB	1689	Tumring REDD+ Project	"The Royal Government of Cambodia, Forestry Administration"	Reduced Emissions from Deforestation and Degradation		Verification approved	Asia	Cambodia	1	2019	1	1	1	0	1	1	0	0	0	0	0	0	0	0	1	1	0	0	0	0	NA	NA	"yes, sample based"	N	N	N		"transect surveys, opportunistic surveys (birds/mammals), forest vegetation plots"		12.792667	105.461753	1	67791	378434	
CCB	1695	Scheme of Compensation for Ecosystem Services for Forest Management and Conservation of Water Sources in the Jurisdiction of CORPOCHIVOR	Local Environmental Authority of Chivor (CORPOCHIVOR)	Reduced Emissions from Deforestation and Degradation	Climate Gold; Biodiversity Gold	Verification approved	South America	Colombia	1	2019	1	1	0	0	0	1	0	0	0	0	1	0	1	0	1	0	36	0	36	0	36	0	"yes, sample based"	Y	N	N	2 reptiles mentioned in human-wlidlife conflict section but not tracked with surveys	"transect bird surveys; 8 mist nets, 7 sherman, & 6 tomahawk traps per sampling station: 3 sampling stations in each of 12 municipalities; also mist netted for bats"		5.012517	-73.270222	1	937	1662	
CCB	1748	Southern Cardamom REDD+ Project	"Royal Government of Cambodia (RGC), Ministry of Environment"	Reduced Emissions from Deforestation and Degradation	Climate Gold; Biodiversity Gold	Verification approved	Asia	Cambodia	1	2017	1	0	0	0	0	1	0	0	0	0	1	0	0	1	0	1	6	0	0	NA	0	NA	"yes, sample based"	Y	N	N		"ranger patrols, camera traps (6), elephant DNA mark-recapture, vegetation survey plots mentioned but no species listed"		11.468714	103.683106	1	465839	3867568	
CCB	1769	"Grouped Project for restoration of degraded lands in Jaguar Corridors, Colombia"	Multiple Proponents	"Afforestation, Reforestation and Revegetation"	Biodiversity Gold	Verification approved	South America	Colombia	1	2019	1	1	1	0	0	1	0	0	0	0	1	0	0	0	0	1	NA	0	0	0	0	NA	"yes, sample based"	N	N	N	4 of the mammals are listed as targets of monitoring but were not actually listed as being observed	"3819 camera trap nights, but number of traps unclear"		7.996339	-76.142244	1	4320	6835	
CCB	1811	Jari/Pará REDD+ Project	Multiple Proponents	Reduced Emissions from Deforestation and Degradation	Climate Gold; Biodiversity Gold	Verification public comment period requested 	South America	Brazil	1	2023	1	1	0	0	0	1	0	0	0	0	0	0	0	0	1	1	0	0	0	0	NA	NA	"yes, sample based"	N	N	N		twice annual 'fauna monitoring campaigns' targeting birds and mammals (no specific method listed); permanent vegetation monitoring plots		-1.4255	-52.657233	1	496988	525314	
CCB	1825	Afforestation Project in Xining City	"Qinghai Forestry Ecological Construction and Investment Co., Ltd."	"Afforestation, Reforestation and Revegetation"	Gold	Under Verification	Asia	China	0	2022	0	1	0	1	0	1	0	0	0	0	0	0	0	0	1	1	0	0	0	0	14	NA	"yes, sample based"	Y	N	Y	mention 25 bird species but only list 8; mention amphibians but don't list any	"6 fixed 'animal' survey plots and 8 line transects; ""camera"" mentioned once but wasn't clear if it was a camera trap"	reference an annual biodiversity monitoring report that was not available on website	37.272478	101.175361	0	12874	499982	
CCB	1826	Qinghai Afforestation Project	"Qinghai Forestry Ecological Construction and Investment Co., Ltd."	"Afforestation, Reforestation and Revegetation"	Gold	Under Verification	Asia	China	0	2019	1	1	0	0	0	1	0	0	0	0	0	0	0	0	1	0	0	0	0	0	11	0	"yes, sample based"	Y	N	Y	mention 8 mammals and 19 birds as present in the nearby park based on published research	"plants monitored in one fixed plot per strata (n = 11), animals (""birds and rodents"") along in a (single?) 3000 m transect line per strata (n = 11)"	MR mentions a monitoring spreadsheet which isn't available online	36.530719	101.409342	1	13862	766948	
CCB	1832	Haidong Afforestation Project	"Qinghai Forestry Ecological Construction and Investment Co., Ltd."	"Afforestation, Reforestation and Revegetation"	Gold	Under Verification	Asia	China	0	2022	0	1	0	0	0	1	0	0	0	0	0	0	0	0	1	0	0	0	0	0	14	0	"yes, sample based"	Y	N	N	"MR states that 31 ""animal species"" were observed; assuming they were all birds as no mammals are mentioned; also, report for similar project 1825 uses very similar language and appears to use 'animal' and 'bird' interchangeably (both = 25 species). "	"6 fixed 'animal' survey plots and 8 line transects; ""camera"" mentioned once but wasn't clear if it was a camera trap; 1 veg plot in each of 6 strata"		36.717753	102.23612	0	12849	598145	
CCB	1847	Qianxinan Afforestation Project in Guizhou Province	"Guizhou Baiheng Fertiliser Co., Ltd"	"Afforestation, Reforestation and Revegetation"		Verification approval requested 	Asia	China	1	2022	0	1	0	0	0	1	0	0	0	0	0	0	0	0	1	0	0	0	0	0	28	0	"yes, sample based"	Y	N	N		"MR states ""All the fresh animal feces met should be sampled for molecular biological analysis."" though no results related to this were reported. No mammals were encountered in surveys apparently."		25.018073	104.927432	0	32047	469669	
CCB	1855	Hechu Afforestation Project in Anhui Province	"Hefei Zhuoya Landscaping Engineering Co., Ltd."	"Afforestation, Reforestation and Revegetation"		Verification approved	Asia	China	1	2020	1	1	0	0	0	1	0	0	0	0	0	0	0	0	1	0	0	0	0	0	25	0	"yes, sample based"	Y	N	N		"MR states ""All the fresh animal feces met should be sampled for molecular biological analysis."" though no results related to this were reported."		31.832031	117.908261	1	30057	469187	
CCB	1864	Puzhen Afforestation Project in Guizhou Province	"Guizhou Baiheng Fertiliser Co., Ltd"	"Afforestation, Reforestation and Revegetation"	Gold	Verification approval requested 	Asia	China	1	2022	0	1	0	0	0	1	0	0	0	0	0	0	0	0	1	0	0	0	0	0	29	0	"yes, sample based"	Y	N	N		"MR states ""All the fresh animal feces met should be sampled for molecular biological analysis."" though no results related to this were reported."		25.739147	105.858247	1	26551	313023	
CCB	1865	Xiguan Afforestation Project in Guizhou Province	"Guizhou Baiheng Fertiliser Co., Ltd"	"Afforestation, Reforestation and Revegetation"		Verification approval requested 	Asia	China	1	2022	0	1	0	0	0	1	0	0	0	0	0	0	0	0	1	0	0	0	0	0	33	0	"yes, sample based"	Y	N	N		"MR states ""All the fresh animal feces met should be sampled for molecular biological analysis."" though no results related to this were reported."		25.829617	105.564358	1	25449	388420	
CCB	1866	XinJiang Makit County Afforestation Carbon Sequestration Project	"Makit Base Junlian Cotton Industry Co., Ltd."	"Afforestation, Reforestation and Revegetation"	Gold	Verification approved	Asia	China	0	2019	0	1	0	0	0	1	0	0	0	0	0	0	0	0	1	0	0	0	0	0	8	0	"yes, sample based"	Y	N	N				38.974796	77.82019	0	6697	90393	
CCB	1895	Jilin Linjiang Afforestation Project	"Jilin Forest Industry Environmental Technology Co., Ltd."	"Afforestation, Reforestation and Revegetation"		Verification public comment period requested 	Asia	China	0	2020	1	1	0	0	0	1	0	0	0	0	0	0	0	0	1	0	0	0	0	0	45	0	"yes, sample based"	Y	N	N		"MR states that fresh animal feces should be sampled for molecular analysis, but no results reported. Main method was line transects in and around plant survey plots for general ""wildlife"" observation."		41.715742	127.066431	0	25085	546751	
CCB	1896	Hunan Northern and Northwestern Area Afforestation Project	"Jilin Forest Industry Environmental Technology Co., Ltd."	"Afforestation, Reforestation and Revegetation"	Gold	Verification approved	Asia	China	1	2021	1	1	0	1	0	1	1	0	0	0	0	0	0	0	1	0	0	0	0	0	30	0	"yes, sample based"	Y	N	N		"Observation method was line transects (with GPS, angle, and distance information) in and around plant survey plots for general ""wildlife"" observation."		28.841725	112.489008	1	41317	286518	
CCB	1897	Ntakata Mountains REDD	Carbon Tanzania	Reduced Emissions from Deforestation and Degradation	Climate Gold; Community Gold; Biodiversity Gold	Verification approved	Africa	Tanzania	1	2020	0	0	0	0	0	1	0	0	0	0	0	0	0	0	0	0	0	0	0	0	0	0	none	NA	N	N		3 species of mammals and one bird are said to be monitored via tracking forest cover as a proxy for habitat (chimps using a satelite-derived habitat suitability index); number of veg plots not provided	Dickson et al. (2020) discusses monitoring method in this project	-6.361709	30.452771	1	212557	420200	
CCB	1900	Makame Savannah REDD	Carbon Tanzania	Reduced Emissions from Deforestation and Degradation	Climate Gold; Community Gold; Biodiversity Gold	Under Verification	Africa	Tanzania	1	2020	1	1	0	0	0	0	0	0	0	0	1	0	0	0	1	1	NA	0	0	0	NA	NA	"yes, sample based"	N	N	N		"formal occupancy modeling (w/ uncertainty), camera trapping, and community game scouts; no sample sizes listed"		-4.665142	36.654932	1	104065	136411	
CCB	1935	Hubei Hongshan IFM (Conversion of Logged to Protected Forest) Project	"Zhejiang Zhongzheng Forestry Development Co.,Ltd"	Improved Forest Management		Verification approval requested 	Asia	China	1	2022	0	1	0	0	0	1	0	0	0	0	0	0	0	0	1	0	0	0	0	0	5	0	"yes, sample based"	Y	N	N		"veg plots were same as those used for carbon measurements; bird observations performed at 5 locations but only the number of individuals, not species, reported (192)"		31.5	113	1	23769	292309	
CCB	1953	Floresta Verde REDD+ Project	Floresta Verde Serviços Ltda.	Reduced Emissions from Deforestation and Degradation	Climate Gold	Under Verification	South America	Brazil	1	2022	1	1	0	0	0	1	0	0	0	0	0	0	0	0	0	1	0	0	0	0	0	NA	"yes, incidental"	NA	N	N		veg plots were same as those used for carbon measurements; mammal and bird observations were performed during patrols		-3.270311	-47.162283	1	53528	340000	
CCB	1969	Carbono Verde AR Project	Amazon Reforestation Consortium.	"Afforestation, Reforestation and Revegetation"	Silver	Under Verification	South America	Brazil	1	2020	1	1	1	0	0	1	0	0	0	0	0	0	0	0	0	1	0	0	0	0	0	NA	"yes, incidental"	NA	N	N	"ranger kept track of mammals, birds and reptiles, but table 17 only showed select mammals encountered; only one bird species listed and no reptiles species listed"	"monitoring was opportunistic sightings of bird, mammals, and reptiles by ranger during leaf-cutter ant patrols"		-3.350683	-47.1554	1	39150	516780	
CCB	2070	Guinan Afforestation Project	"Guizhou Baiheng Fertiliser Co., Ltd"	"Afforestation, Reforestation and Revegetation"		Verification approved	Asia	China	1	2021	1	1	0	1	0	1	0	0	0	0	0	0	0	0	1	0	0	0	0	0	26	0	"yes, sample based"	Y	N	N		"""All fresh animal feces must be sampled every time for molecular biological analysis."" But no results from this reported, so assuming no samples tested."		25.890556	107.606389	1	46000	645768	
CCB	2082	Qianbei Afforestation Project	"Guizhou Xinzhanxin Agricultural Technology Co., Ltd."	"Afforestation, Reforestation and Revegetation"		Verification approved	Asia	China	1	2021	1	1	0	1	0	1	0	0	0	0	0	0	0	0	1	0	0	0	0	0	40	0	"yes, sample based"	Y	N	N		"""All the fresh animal feces should be sampled for molecular biological analysis.""  But no results from this reported, so assuming no samples tested."		27.890833	107.282778	1	50061	708123	
CCB	2087	Chudu Afforestation Project	"Xichuan Rongda Agriculture and Forestry Co., Ltd"	"Afforestation, Reforestation and Revegetation"		Verification approval requested 	Asia	China	1	2020	1	1	0	0	0	1	0	0	0	0	0	0	0	0	1	0	0	0	0	0	39	0	"yes, sample based"	Y	N	N	report states 7 individuals of 2 species of animals (wild hog and eagle)	"""All the fresh animal feces met should be sampled for molecular biological analysis."" but no results reported."		33.086451	111.25269	1	36500	668883	
CCB	2250	Delta Blue Carbon – 1	Multiple Proponents	"Afforestation, Reforestation and Revegetation"	Climate Gold; Community Gold; Biodiversity Gold	Verification approved	Asia	Pakistan	1	2021	1	1	1	1	1	0	1	0	0	0	1	1	1	0	1	0	NA	NA	NA	0	NA	0	"yes, sample based"	N	N	Y	"Monitoring results table 3.2.1 states ""fish and shrimp species diversity"" increased; also amphibians, birds, mammals; methods annex describes butterfly and odonate monitoring methods"	"marine organsims: net transects, baited traps (both every 50 m); bats: harp traps, acoustic monitoring"	"A consultant-prepared biodiversity monitoring results report is referenced, but not available. ""The whole monitoring process is fully documented in text, photographic and videographic form and is available for review by the VVB."""	24.1579	67.811203	1	350000	2407629	
CCB	2290	BLUE CARBON PROJECT GULF OF MORROSQUILLO “VIDA MANGLAR”	Conservation International Foundation	Reduced Emissions from Deforestation and Degradation	Community Gold; Biodiversity Gold	Verification approved	South America	Colombia	1	2018	1	0	1	0	0	1	0	0	0	0	0	0	0	0	1	1	0	0	0	0	NA	NA	"yes, sample based"	N	N	N	"manatee, otter, and needle caiman were the focus"	"complete monitoring plans are methods are laid out in the Project Description document, but reference plans/protocols by other organizations (not available); boat transects seem to be the main standardized method; semi-structured interviews with locals also performed"		9.3333	-75.83333	1	7561	31310	
CCB	2310	Anhuang Afforestation Project	"Guizhou Xinzhanxin Agricultural Technology Co., Ltd."	"Afforestation, Reforestation and Revegetation"		Verification approved	Asia	China	1	2021	1	1	0	0	0	1	1	0	0	0	0	0	0	0	1	0	0	0	0	0	29	0	"yes, sample based"	Y	N	N		"""All fresh animal feces must be sampled every time for molecular biological analysis."" But no results from this reported, so assuming no samples tested."		25.219167	105.426944	1	39000	607596	
CCB	2338	"TIST Program in Kenya, VCS-CCB 010"	Clean Air Action Corporation	"Afforestation, Reforestation and Revegetation"	Climate Gold; Community Gold; Biodiversity Gold	Verification approved	Africa	Kenya	1	2020	0	0	0	0	0	1	0	0	0	0	0	0	0	0	0	0	0	0	0	0	0	0	none	NA	Y	N	no animals monitored; only vegetation	veg_plots is the number of project areas in which trees were planted and censused; only tree species monitoring noted; qualified as Biodiversity Gold due to the presence of >4000 individuals of an endangered tree (Meru Oak)	"raw monitoring data available on TIST website, though not easy to access across multiple websites (one per project area)"	0.0722	37.6597	1	2293	93619	
CCB	2339	"TIST Program in Uganda, VCS-CCB 010"	Clean Air Action Corporation	"Afforestation, Reforestation and Revegetation"	Climate Gold; Community Gold; Biodiversity Gold	Verification approved	Africa	Uganda	1	2020	0	0	0	0	0	1	0	0	0	0	0	0	0	0	0	0	0	0	0	0	0	0	none	NA	Y	N	no animals monitored; only vegetation	veg_plots is the number of project areas in which trees were planted and censused; qualified as Biodiversity Gold due to the presence of >300 individuals of an endangered tree (Prunus africanus)	"raw monitoring data available on TIST website, though not easy to access across multiple websites (one per project area)"	3.055271	32.257569	0	2414	83340	
CCB	2343	Zhanjiang Mangrove Afforestation Project	"Third Institute of Oceanography, Ministry of Natural Resources"	"Afforestation, Reforestation and Revegetation"	Biodiversity Gold	Verification approved	Asia	China	1	2020	0	1	0	0	0	1	0	0	0	0	0	0	0	0	1	0	0	0	0	0	8	0	"yes, sample based"	Y	N	N	"it appears that only the 2 endangered birds were monitored, plus plants within the carbon plots"	"bird surveys were completed at 8 locations, lasting for an entire day"		20.877258	110.199738	1	380	4020	
CCB	2370	Zhangye City Afforestation Project in Gansu Province	Zhangye Academy of Forestry Sciences	"Afforestation, Reforestation and Revegetation"		Verification approved	Asia	China	0	2020	0	1	0	0	0	1	0	0	0	0	0	0	0	0	1	0	0	0	0	0	10	0	"yes, sample based"	Y	N	N	bird surveys completed but no species listed (only lists the species that should be in the area)	"bird surveys were completed at 10 locations, lasting for an entire day"		38	99.5	1	23398	238392	
CCB	2375	Jilin Sanchazi Afforestation Project	"Jilin Forest Industry Environmental Technology Co., Ltd."	"Afforestation, Reforestation and Revegetation"		Verification approved	Asia	China	0	2021	1	1	0	0	0	1	0	0	0	0	0	0	0	0	1	0	0	0	0	0	108	0	"yes, sample based"	Y	N	N		"fauna transect surveys: ""108 sample strips with length of 5kilometers"""		42.330011	126.745408	1	22565	10576	
CCB	2378	Miaoling Afforestation Project	"Guizhou Xinzhanxin Agricultural Technology Co., Ltd."	"Afforestation, Reforestation and Revegetation"		Under Verification	Asia	China	1	2022	1	1	0	0	0	1	0	0	0	0	0	0	0	0	1	0	0	0	0	0	33	0	"yes, sample based"	Y	N	Y	"3 species of ""animal"" were recorded during surveys; based on previous reports (ones that have very similar language but more detailed results) these were likely birds and mammals"	transect surveys 	"a separate ""Biodiversity survey report"" is mentioned on page 17 of the monitoring report, but not available"	25.88325	108.51775	1	30169	458449	
CCB	2379	Huadu Afforestation Project	"Guizhou Xinzhanxin Agricultural Technology Co., Ltd."	"Afforestation, Reforestation and Revegetation"		Under Verification	Asia	China	1	2020	1	1	0	1	0	1	1	0	0	0	0	0	0	0	1	0	0	0	0	0	32	0	"yes, sample based"	Y	N	N				26.805842	105.648833	1	43600	702405	
CCB	2387	Liugui Afforestation Project	"Guangxi Baixin Agricultural Technology Co., Ltd."	"Afforestation, Reforestation and Revegetation"		Verification approval requested 	Asia	China	1	2021	1	1	0	0	0	1	1	0	0	0	0	0	0	0	1	0	0	0	0	0	35	0	"yes, sample based"	Y	N	N				23.889864	109.860006	1	33000	878138	
CCB	2391	Gansu Tianshui Afforestation Project	Tianshui Forestry Science Institute	"Afforestation, Reforestation and Revegetation"		Verification approved	Asia	China	1	2020	0	1	0	0	0	1	0	0	0	0	0	0	0	0	1	0	0	0	0	0	5	0	"yes, sample based"	Y	N	N	birds monitored but no species listed; plants are the 4 planted tree species; others are noted but not named	"""Animal sample lines: a searching line with a length of 3000m, 1 sample searching line in each project strata..."" (5 strata); 1 tree plot per strata each with 3 shrub and herb plots"		34.661778	105.79475	1	19853	342003	
CCB	2405	Gansu Dingxi Afforestation Project	Dingxi City Chankou Forestry Proving Ground	"Afforestation, Reforestation and Revegetation"		Verification approved	Asia	China	0	2020	0	1	0	0	0	1	0	0	0	0	0	0	0	0	1	0	0	0	0	0	10	0	"yes, sample based"	Y	N	N	birds monitored but no species listed; plants are the 4 planted tree species; others are noted but not named	"Monitor the observed numbers of the birds occurred around the monitoring points during a whole day, 10 monitoring points have been set to monitor animal population associated with forest (birds)
which selected randomly."		35.361828	104.494044	1	49066	706810	
CCB	2408	Baoxing Afforestation Project	Sichuan Jiajinshan Forestry Bureau	"Afforestation, Reforestation and Revegetation"		Verification approval requested 	Asia	China	1	2021	1	1	0	1	0	1	0	0	0	0	0	0	0	0	1	0	0	0	0	0	4	0	"yes, sample based"	Y	N	N		expert survyes (four 3000m transects) supplemented by incidental observations by rangers 		30.229536	102.803317	1	4468	156954	
CCB	2412	Mindanao Tree Planting Program for our Climate and Communities (MinTrees)	Multiple Proponents	"Afforestation, Reforestation and Revegetation"	Climate Gold; Community Gold; Biodiversity Gold	Verification approved	Asia	Philippines	1	2021	1	1	1	0	0	1	1	0	0	0	0	0	0	0	1	1	0	0	0	0	NA	NA	"yes, sample based"	N	N	N	only tree species were noted; 2 species of IUCN threatened trees on site	"sample design of fauna survey not specified aside from ""random"" locations; incidental observations from farmer interviews"		7.451114	125.077244	1	30000	33015	
CCB	2418	Gansu Lanzhou Afforestation Project	Lanzhou Landscaping And Greening Service Center	"Afforestation, Reforestation and Revegetation"		Verification approved	Asia	China	0	2020	0	1	0	0	0	1	0	0	0	0	0	0	0	0	1	1	0	0	0	0	8	NA	"yes, sample based"	Y	N	N	shrub species also mentioned as a monitoring target but no names listed; trees and shrubs + birds are main monitoring targets	"""8 monitoring lines (each of 3km) have been set to monitor animal population associated with forest (birds) which were selected randomly from the sample plots set for monitoring of climate, and the monitoring team will walk along each monitoring line for at least one day and at least 8 days in total during the monitoring period to observe the occurrence of birds."""		36.265314	103.846653	1	23363	117640	
CCB	2451	Shanxi Loufan Afforestation Project	Loufan County Forestry Workstation	"Afforestation, Reforestation and Revegetation"		Verification approved	Asia	China	0	2020	0	1	0	0	0	1	0	0	0	0	0	0	0	0	1	0	0	0	0	0	3	0	"yes, sample based"	Y	N	N	"one pheasant species mentioned as benefitting, but not clear if seen on site; otherwise, bird species not named"	"""Monitor the observed numbers of the birds occurred around the monitoring points during a whole day, while the monitoring points will be set randomly and no less than 3.""; tree/veg monitoring plots are same as used for carbon calucluations"		38.008281	111.833753	1	25002	163968	
CCB	2481	Generation Forest Group Project	Fundacion Bosque De Generaciones	"Afforestation, Reforestation and Revegetation"		Verification approved	Central America	Panama	1	2021	1	1	0	0	0	1	0	0	0	0	1	0	0	0	1	0	20	0	0	0	NA	0	"yes, sample based"	Y	N	N	Dalbergia retusa (CR) is planted (over 70 plant species noted total)	20 camera traps; formal avian monitoring by an affiliated non-profit (methods unspecified)		8.820733	-78.262783	1	1100	27000	
CCB	2502	TAHUAMANU AMAZON REDD PROJECT	MADERERA RIO ACRE SAC	Reduced Emissions from Deforestation and Degradation	Biodiversity Gold	Verification approved	South America	Peru	1	2019	1	1	1	0	0	0	0	0	0	0	0	0	0	0	1	1	0	0	0	0	NA	NA	"yes, sample based"	N	N	N	"Note that 15 ""umbrella species"" of birds and mammals were documented but only list some (harpy eagle)"	"No specific monitoring methods given but seems to be both formal plot-based and informal sightings: ""Periodically assess wildlife important for monitoring through sighting log; Evaluate the state of wildlife in general, in addition to the evolution of its population indicators over time; Identify important sites for wildlife during forest census work"""		-11.45455	-69.911817	1	171584	1575108	
CCB	2512	"AFFORESTATION OF DEGRADED GRASSLANDS IN VICHADA, COLOMBIA"	Forest First Colombia SAS	"Afforestation, Reforestation and Revegetation"		Verification approved	South America	Colombia	1	2020	1	1	1	1	0	1	0	0	0	0	1	0	1	0	1	1	50	0	5	0	5	NA	"yes, sample based"	Y	N	N	plant species total is from gallery forest on site; restoration area total was 30 spp plants	Sherman & camera traps (10 x 5 sampling areas) for mammals plus mist nets for bats; mist nets and visual obs for birds; area searches for reptiles and amphibians; 5 locations within project area		5.976947	-68.38975	1	134732	139489	
CCB	2551	BRAZILIAN AMAZON APD GROUPED PROJECT	BRCARBON SERVIÇOS AMBIENTAIS LTDA	Reduced Emissions from Deforestation and Degradation		Verification approved	South America	Brazil	1	2021	1	1	1	1	0	0	0	0	0	0	1	0	0	0	1	0	8	0	0	0	NA	0	"yes, sample based"	Y	N	N	"bird and mammal species counts are highs from 2 surveys (rainy/dry season); counts of ""reptile and amphibian"" species lumped together; no complete species lists"	formal bird and mammal surveys were along trails (unclear how many); 8 camera traps but unclear how many locations		-10.254461	-69.490031	1	17660	812538	
CCB	2565	Yunnan Qiubei Afforestation Project	Multiple Proponents	"Afforestation, Reforestation and Revegetation"		Verification approved	Asia	China	1	2021	0	1	0	0	0	1	0	0	0	0	0	0	0	0	1	0	0	0	0	0	10	0	"yes, sample based"	Y	N	N	number of individual birds was reported but not the number of species			24.104678	104.062467	1	10033	135706	
CCB	2647	Reforestation grouped project Norteak Nicaragua	Norteak Nicaragua S.A.	"Afforestation, Reforestation and Revegetation"	Climate Gold	Verification public comment period requested 	Central America	Nicaragua	1	2022	1	1	1	1	0	1	1	0	0	0	0	0	0	0	1	0	0	0	0	0	NA	0	"yes, sample based"	N	N	N	"215 animal species noted from surveys, but only listed selected species"	bird surveys were transect-based (number not provided); other were timed visual observstation searches; formal light & fruit baits used for butterflies & moths		12.747742	-87.342525	1	700	6357	
CCB	2745	Wuwei City Afforestation Project in Gansu Province	Multiple Proponents	"Afforestation, Reforestation and Revegetation"		Verification approved	Asia	China	0	2021	0	1	0	0	0	1	0	0	0	0	0	0	0	0	1	1	0	0	0	0	8	NA	"yes, sample based"	Y	N	N	20 bird species (only 8 named)	"birds: exptert surveys (8 3-km transect lines) & local participation (""during the forest rangers’ routine work.""); veg plots same as 18 carbon plots, 25 m diameter circular plots"		37.570172	103.078778	1	28818	63352	
CCB	2884	Gansu Zhangye Grouped Afforestation Project	Zhangye Academy of Forestry Sciences	"Afforestation, Reforestation and Revegetation"		Under Verification	Asia	China	0	2022	0	1	0	0	0	1	0	0	0	0	0	0	0	0	1	1	0	0	0	0	10	NA	"yes, sample based"	Y	N	N	"birds were the target of fauna monitoring, but species names not provided"	birds: exptert surveys (10 3-km transect lines) + community observations; plants: same plots as carbon measurements (20x20 m rectangle plots)		38.795517	100.558444	1	64012	376953	
CCB	3140	ZhaoQu Afforestation Project	"Yunnan Ruihan Agricultural Technology Development Co., Ltd."	"Afforestation, Reforestation and Revegetation"		Under Verification	Asia	China	1	2022	1	0	0	0	0	1	0	0	0	0	0	0	0	0	1	0	0	0	0	0	33	0	"yes, sample based"	Y	N	Y		"fauna (apparently only mammals): ""A total of 33 plots and 99 transect lines will be set up.Each transect line will monitor at least twice a year""; employed methods that allow for distance sampling and occupancy analysis"	"references a forthcoming report detailing results of the flora/fauna surveys: ""final report will be issued by Yunnan Academy of social sciences"""	26.405364	103.899142	1	36607	577730	
CCB	3203	Yunnan Yulong Afforestation Project	"Yulong State Owned Capital Investment and Operation Co., Ltd."	"Afforestation, Reforestation and Revegetation"		Under Verification	Asia	China	1	2022	1	1	0	0	0	1	0	0	0	0	0	0	0	0	1	0	0	0	0	0	30	0	"yes, sample based"	Y	N	Y	"types of ""animals"" monitored not specified, but assuming mammals based on language regarding ""traces"" and similar reports that monitored mammals that had nearly identical language"		"denial letter indicates area was already forested (i.e., may not ultimately be verified). references a final report on biodiversity (not available): ""The final report will be issued by Yulong Naxi Autonomous County Forestry and Grassland Bureau."""	26.790989	99.934844	1	37400	765439	
CCB	3338	Yan’an Wuqi Afforestation Project	National Forestry and Grassland Administration Northwest Investigation and Planning Institute	"Afforestation, Reforestation and Revegetation"		Under Verification	Asia	China	0	2022	0	1	0	0	0	1	0	0	0	0	0	0	0	0	1	1	0	0	0	0	21	NA	"yes, sample based"	Y	N	N		"3-km-long transect lines for bird surveys; ""local forest rangers also observed and recorded the birds during their routine work"""		37.192514	108.410631	0	45661	356695	
CCB	3433	Guiyang Afforestation Project	"Guiyang Forestry Industry Development Co., Ltd"	"Afforestation, Reforestation and Revegetation"		Under Verification	Asia	China	1	2022	1	0	0	0	0	1	0	0	0	0	0	0	0	0	1	0	0	0	0	0	NA	0	"yes, sample based"	N	N	Y	"2 species of ""animals"" noted but not listed; assuming mammals based on language regarding ""traces"" and similar reports that monitored mammals that had nearly identical language"			26.935726	106.649539	0	10158	81672	
CCB	3897	"Mangrove restoration project in Wenchang and Changjiang, Hainan"	Multiple Proponents	"Afforestation, Reforestation and Revegetation"		Under Verification	Asia	China	1	2022	0	1	0	0	1	1	1	0	0	0	0	0	1	0	1	0	0	0	10	0	16	0	"yes, sample based"	Y	N	N		"16 bird survey ""routes""; 10 netting locations for fish & benthic invert sampling; veg surveys in same areas as climate monitoring"		19.617033	110.869947	1	343	4546	
GS	11154	JOil Jatropha plantation in Ghana 	JOIL (S) Pte. Ltd.	A/R	"8,15,13"	Gold Standard Certified Project	Africa	Ghana	1	2020	0	0	0	0	0	0	0	0	0	0	0	0	0	0	0	0	0	0	0	0	0	0	none	NA	N	NA	trees planted were listed	no  biodiversity monitoring; only training of local people on importance of biodiversity etc.		8.275682	-0.721518	0	2863	55072	just the 'elligible' area; emissions = annual estimated credits from website
GS	10220	Humbo Ethiopia Assisted Natural Regeneration Project 	World Vision Australia	A/R	"8,5,15,13"	Gold Standard Certified Project	Africa	Ethiopia	1	2017	0	0	0	0	0	1	0	0	0	0	0	0	0	0	0	0	0	0	0	0	0	0	none	NA	N	NA	trees planted were listed (some were non-native)	no  biodiversity monitoring; only training of local people on importance of biodiversity etc.		6.708989	37.743571	0	2724	29343	
GS	5012	Aprosacao Reforestation Project: community reforestation and agroforestry with small-scale cocoa farmers in Honduras. 	Unknown Project Developer	A/R	"15,12,13"	Gold Standard Certified Project	Central America	Honduras	1	2018	0	0	0	0	0	1	1	0	0	0	0	0	1	0	0	0	0	0	NA	0	0	0	"yes, sample based"	N	N	Y	"original sustainability monitoring plan mentions previous soil biota and mammal monitoring (with camera traps);  also mentions plans to continue soil biota monitoring but not mammal monitoring; no report of results in the verification or ""key project info"" reports and seems to have been dropped (a change in the sus. mon. plan is mentioned)"	"original sustainability monitoring plan mentions previous soil biota and mammal monitoring (with camera traps);  also mentions plans to continue soil biota monitoring and also mammal monitoring but not the camera trap monitoring (will come up with another way to monitor mammals); no report of monitoring results in the verification or ""key project info"" reports; not counting camera trapping as ""monitoring"" as it wasn't repeated"		14.440322	-85.773029	0	586	1050	just the planted area
GS	4221	Vichada Climate Reforestation Project (PAZ) 	Forest Finest Colombia	A/R	"15,12,13"	Gold Standard Certified Project	South America	Colombia	1	2021	0	0	0	0	0	0	0	0	0	0	0	0	0	0	0	0	0	0	0	0	0	0	none	NA	N	NA		biodiversity monitoring (from sustainability monitoring plan) apparently consists only of forest cover and IBAT tool to check which Red List species are in area		6.195153	-67.501529	0	13197	32549	"area is just for the planted area; annual reductions was listed as 1 on website (likely error), so used 325,487 / 10 yr (2006-2015) from PDD"
GS	4210	WithOneSeed Timor Leste Community Forestry Program 	xPand Foundation	A/R	"15,2,13"	Gold Standard Certified Project	Asia	Timor-Leste	1	2020	0	0	0	0	0	0	0	0	0	0	0	0	0	0	0	0	0	0	0	0	0	0	none	NA	N	NA		"SD 15 (life on land) monitored only with community participation & tree cover: ""Increased community engagement in reforestation and increase in the number of trees under management annually"""		-8.626336	126.656588	0	280	5000	estimated project eligible (planting) area based on projections to 2039
GS	3975	Afforestation with Hazelnut Plantations in Western Georgia 	Ferrero Trading LUX S.A.	A/R	"15,12,13"	Gold Standard Certified Project	Europe	Georgia	0	2019	0	0	0	0	0	1	0	1	0	0	0	0	0	0	0	0	0	0	0	0	0	0	"yes, methods unknown"	NA	N	Y	"taxa unspecified other than fungi: ""Also surveys of native fauna and flora is carried out, attached a survey of local fungi present in the plantation"""	"sustainability monitoring plan mentions annual surveys for ""flora & fauna"" and also fungi list from the 11% retained as natural area, but methods not specified"		42.475494	41.834122	0	2844	20000	"coordinates based on online map; area is planted ""eligible area"""
GS	3381	Reforestation Sierra Piura 	COOP NORANDINO	A/R	"15,12,13"	Gold Standard Certified Project	South America	Peru	1	2017	0	0	0	0	0	0	0	0	0	0	0	0	0	0	0	0	0	0	0	0	0	0	none	NA	N	NA	"none, except list of native plants found on site from a previous report; not included in monitoring report"	sustainability monitoring plan indicates that SDG15 monitored via forest cover estimates only		-5.096802	-79.73717	0	213	1000	coordinates estimated based on PDF map; 213ha planted area (plantation)
GS	3343	Afforestation on Degraded Lands in Mountainous Areas of Northern Guangdong China 	FDF	A/R	"15,12,13"	Gold Standard Certified Project	Asia	China	1	2023	0	0	0	0	0	1	0	0	0	0	0	0	0	0	0	0	0	0	0	0	0	0	none	NA	N	NA		apparently no on-the-ground monitoring of animal populations or diversity		25.349261	114.594716	0	831	15634	coordinates based on online map
GS	2990	Kikonda Forest Reserve 	Global-woods AG	A/R	"15,12,13"	Gold Standard Certified Project	Africa	Uganda	1	2017	0	0	0	0	0	0	0	0	0	0	0	0	0	0	0	0	0	0	0	0	0	0	none	NA	N	NA	"one native plant mentioned, the native pine species they are growing in the plantation"			1.213891	31.568729	0	4929	18058	no sustainability monitoring plan document available online; 4929 = eligible area; coords based on map on page 11 of PDD
GS	2951	ArBolivia- Phase II 	The Cochabamba Project	A/R	"15,12,13"	Gold Standard Certified Project	South America	Bolivia	1	2012	1	1	0	0	0	1	0	0	0	0	0	0	0	0	0	0	0	0	0	0	0	0	"yes, methods unknown"	NA	N	Y	"list of threatened taxa known to occur nearby are included on a list of species monitored under a ""biodiversity monitoring plan"" that is unpublished. 12 Native tree species planted & discussed"	"""a biodiversity monitoring system is in place."""	"""See attachment “004-06 and 04-07 ”on monitoring of biodiversity”.""; ""Biodiversity will be monitored regularly. See attachment “03-01 & 03-02 Monitoreo biodiversidad_03_Nova.pdf”."""	-17.1731	-64.966381	0	6000	4000	no sustainability monitoring plan document available online; 6000 ha is estimated eligible area in future; coordinates based on Fig III.2 in PDD
GS	2940	CO2OL Tropical Mix 	ForestFinance GSF	A/R	"8,15,12,13,1"	Gold Standard Certified Project	Central America	Panama	1	2021	0	0	0	0	0	1	0	0	0	0	0	0	0	0	0	1	0	0	0	0	0	NA	"yes, incidental"	N	N	Y	"none specified in PDD or SMP except ""flora and fauna"""	"monitoring frequency is listed as ""crediting period"" which is 30 years; PDD speaks of ""flora and fauna"" (endemic & threatened species) monitoring by interviews and other community-based approaches; Sustainability Monitoring plan is less specific"	a biodiversity monitoring report with the following name was referenced in the SMP: TMIX19_FoFi_Biodiversity_Progress_report_2017_2018_Screen. Pages 21-25	8.456938	-77.945911	0	8450	509	"area = planting area (PDD, p.3); coordinates roughly based on map on project website"
GS	2913	BaumInvest Reforestation Project 	BaumInvest AG	A/R	"15,12,13"	Gold Standard Certified Project	Central America	Costa Rica	1	2021	1	1	1	1	1	1	1	0	0	0	0	0	0	0	0	0	0	0	0	0	0	0	"yes, methods unknown"	NA	N	Y	"vertebrates plus aquatic insects recorded as baseline, followup herp survey done in 2019, plans to continue to monitor other taxa at unspecified intervals, from SMP: ""Increment on the number of fauna species based on a continuous biodiversity monitoring and/or biodiversity indexes."""	"No methods specified for fauna surveys, but presumably these are available in the multiple unavailable reports cited; only rudimentary results provided (species counts, Shannon H values)"	"From PDD re baseline surveys: ""Further details, together with the complete list of species, can be found in the paper 'Evaluación Ecológica Rápida' and the Senckenberg Research Institute and Natural History Museum's research findings."" Other unavailable reports cited."	10.793614	-84.56903	0	216	3333	area  from pg. 1 of PDD; coordinates guestimated from coarse map
GS	4708	Sustainable cocoa plantation system (agroforestry) in East Nicaragua 	Alfred Ritter GmbH	A/R	"15,12,13"	Gold Standard Certified Project	Central America	Nicaragua	1	2020	0	0	0	0	0	0	0	0	0	0	0	0	0	0	0	0	0	0	0	0	0	0	none	NA	N	NA	only tree cover was monitored to track progress on SDG15 (life on land); and it was not even tracked in the first report due to the small size of the trees	Only tree cover was monitored		12.29437	-84.254565	0	664	525	area from pg. 9 on Key Project Info. Document; coordinates very approximate based on coarse map; emmissions/yr = 2100 (from verification report) / 4 years (2013-2016)
GS	5618	EcoMakala Virunga Reforestation project 	CO2logic	A/R	"15,12,13"	Gold Standard Certified Project	Africa	Congo the Democratic Republic of the	1	2018	0	0	0	0	0	0	0	0	0	0	0	0	0	0	0	0	0	0	0	0	0	0	none	NA	N	NA	No monitoring indicators for biodiversity in SMP			0.324239	29.782587	0	1878	17000	"area = Key Project Information (2018; eligible planted area); ""around 10,000 ha have already been planted of which around 3,485 ha are eligible in accordance with the requirements of the Gold Standard""; annual emissions reduction based on annual credits listed on website"
GS	4240	Bagepalli CDM Reforestation Programme 	Agricultural Development and Training Society	A/R	"15,12,13"	Gold Standard Certified Project	Asia	India	1	2020	1	1	0	0	0	0	1	0	0	0	0	0	0	0	0	1	0	0	0	0	0	NA	"yes, incidental"	NA	N	N		"sent questionaires to local residents asking if they saw many mammals, birds, bees, etc. (metric was % of 39 smallholder farmers saying 'yes')"		13.607492	77.135921	0	1177	92103	coordinates based on online map; there are also coordinates in the PDD that are similar; area = planted area according to 2021 Key Project Info document
GS	3421	ACP Sustainable Forest Cover Establishment Project 	Autoridad del Canal de Panama (ACP)	A/R	"15,12,13"	Gold Standard Certified Project	Central America	Panama	1	2013	0	0	0	0	0	1	0	0	0	0	0	0	0	0	0	0	0	0	0	0	0	0	none	NA	N	NA	list of 28 native tree species to be planted; no other taxa referenced	no animal monitoring		9.157786	-79.714634	0	2686	17024	2341 ha (elligible planting area) + 345 ha (nature conservation area) from PDD; coords are very approx. from map
GS	3260	Afforestation on the Big Island of Hawaii: Restoring native hardwood forests and enhancing multiple ecosystem services 	HLH	A/R	"15,12,13"	Gold Standard Certified Project	Oceania	United States	1	2023	0	0	0	0	0	1	0	0	0	0	0	0	0	0	0	0	0	0	0	0	0	0	none	NA	N	NA	"many individuals of one native tree species (koa) planted; (no SMP found, but enough info in PDD & annual report)"			19.965	-155.375	0	395	10000	coordinates from lat/lon on map in PDD; 395 = eligible project area
GS	3031	Afforestation Project in Tongliao Inner Mongolia 	Climate Bridge (Shanghai) Ltd.	A/R	"15,12,13"	Gold Standard Certified Project	Asia	China	0	2021	1	1	0	0	0	0	0	0	0	0	1	0	0	0	1	1	NA	0	0	0	NA	NA	"yes, sample based"	N	N	N	"From the SMP: ""the number of animals has also increased, mainly including wolves, deer pheasants and hares."""	"From SMP: ""The monitoring team monitored biodiversity in the project area every year, also questionnaires were provided for local stakeholders to collect their comments on the local ecosystem and biodiversity. See the questionnaire for details.""
In addition, cameras were installed in the project area to monitor the types and numbers of animals."	results in SMP were simple species lists with no abundance information	43.633823	122.3518	0	1371	10000	coordinates based on online map; 1371 = planted area cited in SMP
GS	3039	Australian Yarra Yarra Biodiversity Project	Carbon Neutral	A/R	"8,15,13"	Gold Standard Certified Project	Oceania	Australia	1	2015	0	1	0	0	0	0	0	0	0	0	0	0	0	0	0	1	0	0	0	0	0	NA	"yes, incidental"	NA	N	N	"Informal surveys revealed: ""Anecdotal evidence of rare fauna such as black cockatoo and on some properties mallee fowl along with flora"""	"Relying on incidental reports by ""Auscarbon’s Project Manager and external consultants"": ""Annual inspections but 5 yearly reporting assessment. This timeframe is required to see significant increases (or otherwise) in populations of interest."""		-28.77199	116.237654	0	1532	25151	coordinates based on online map
GS	3025	Conservation and reforestation of degraded areas in Barbosa Colombia	Deactivated Projects	A/R	"15,12,13"	Gold Standard Certified Project	South America	Colombia	1	2019	0	0	0	0	0	0	0	0	0	0	0	0	0	0	0	0	0	0	0	0	0	0	none	NA	N	NA	"No mention of animal monitoring. ""Several native species were identified within the natural forests inside the project area."""			6.43979	-75.32117	0	82.9	10446	area is eligible planted area
PV	1	ArBolivia	Sicirec Bolivia	A/R	"1,13,15,17"	Verified	South America	Bolivia	1	2021	0	0	0	0	0	1	0	0	0	0	0	0	0	0	0	0	0	0	0	0	0	0	none	NA	N	NA	"Only vegetation-based biodiversity monitoring (Simpsons index, Leaf Area Index, % cover)"			-17.652938	-63.641042	0	712	14936	"area based area planted (Table 3 of 2021 annual report); annual emmissions reductions based on 164,300 tCO2 / 11 years (from 2021 annual report)"
PV	2	CommuniTree	Taking Root	A/R	"1,4,5,7,8,10,12,13,15,17"	Verified	Central America	Nicaragua	1	2022	0	0	0	0	0	1	0	0	0	0	0	0	0	0	0	0	0	0	0	0	0	0	none	NA	N	NA		"PDD states they will conduct ""Biodiversity and threats to biodiversity surveys""; annual report only has info on number of trees planted and number of tree species"		13.171567	-86.582966	0	4739	255960	"coordinates estimated based on PDF map; area = planted area from 2022 annual report; annual emmissions = 3,327,485 / 13 years (2010-2022) from 2022 annual report"
PV	3	Emiti Nibwo Bulora	Vi Agroforestry	A/R	"1,2,4,13,15"	Verified	Africa	Tanzania	1	2018	0	0	0	0	0	1	0	0	0	0	0	0	0	0	0	0	0	0	0	0	0	0	none	NA	N	NA	"2 native tree species that are planted are mentioned and tracked; no animal monitoring though benefits for birds, mammals, and insects are noted"	no on-the-ground animal monitoring		-1.674207	31.066464	0	378	7124	coordinates are center of Karagwe district; annual emmissions = total of 56993 divided by 8 years
PV	4	EthioTrees	EthioTrees	A/R	"1,2,6,8,13,15"	Verified	Africa	Ethiopia	1	2023	1	1	0	0	0	1	0	0	0	0	0	0	0	0	0	1	0	0	0	0	0	NA	"yes, incidental"	NA	N	N	2 native tree species planted as noted in annual report (Moringa & Acacia albida); mammals and birds were asked about in community interviews	mammal and bird populations were asked about in community interviews according to PDD; no results presented in annual report		13.573465	39.295861	0	2000	20936	area is target taken from the PDD; emmissions estimate is total of 167490 tons divided by 8 years
PV	5	Gula Gula	CO2Operate BV	A/R and Improved Forest Management	"1,8,12,13,15,17"	Verified	Asia	Indonesia	1	2023	1	1	0	0	0	1	1	0	0	0	1	0	1	0	1	1	NA	0	NA	0	NA	NA	"yes, sample based"	N	N	N	Table 20 in PDD: 	"From PDD: ""Currently we are in the process of developing a multi-year plan of biodiversity monitoring with the Biology Department of Andalas University."", Methods noted in PDD: Funnel traps for soil biota; camera traps for mammals; point counts for birds; frequency was actually 4x per year in some cases (e.g., birds); bioaccoustics for birds too (described in annual report 2022; implemented this approach due to covid)"		-0.765631	100.612316	0	1533	16320	"emmissions = total of 65,280 divided by 5 years; area = 1333 + 200 planned ha described in PDD"
PV	6	Halo Verde	FCOTI	A/R and Improved Forest Management	"1,2,5,13,15"	Verified	Asia	Timor-Leste	1	2022	1	1	1	0	0	0	0	0	0	0	0	0	0	0	0	0	0	0	0	0	0	0	"yes, methods unknown"	NA	N	Y	"""In 2018, Conservation International conducted a wildlife monitoring training exercise with FCOTI staff in Laclubar, during which they found 21 bird species, 5 reptile species and 2 small rodent species…""; also mention potential plans to monitor frogs and butterflies"	"""A more comprehensive biodiversity baseline study may be undertaken , subject to availability of financial resources …""; no animal monitoring results presented in 2022 annual report"	initial CI biodiversity survey results are presented in an unpublished/unavailable report	-8.749982	125.878096	0	350	2757	emmissions = total divided by 13 years; area is estimated reforested area projected in 2029 in the PDF; coords very approximate from PDF map
PV	7	Hiniduma Bio-Link	The Carbon Consulting Project	A/R	"1,8,13,15"	Verified	Asia	Sri Lanka	1	2019	1	1	1	0	0	0	0	0	0	0	0	0	0	0	0	1	0	0	0	0	0	NA	"yes, incidental"	NA	N	N	"Table 18.1 in PDD lists 2 mammals, 3 birds, and 2 reptiles as indicator species of high, medium, and low habitat disturbance"	"Incidental baseline data collection described in the PDD in Table 18.1: ""Base lines were taken as visual identification in areas."" However, no firm animal-based indicators listed in Table 18.2 and no mention of animals (or native plants) in the annual report."		6.269798	80.355747	0	10	307	emissions = 2767 total / 9 years (2010-2018); area = 9.7 planted ha
PV	8	Mikoko Pamoja	Association for Coastal Ecosystem Services (ACES)	A/R	"1,4,5,6,13,14,15,16"	Verified	Africa	Kenya	1	2023	0	1	0	0	1	1	1	0	0	0	0	0	0	0	0	1	0	0	0	0	0	NA	"yes, incidental"	NA	N	Y	"Planting native mangrove (2 species) that will be tracked; above Table 18 in PDD: "" New recruitments of mangroves
and abundance and diversity of fauna such as fish, molluscs and gastropods will be
monitored annually."" Also mentions crabs in Table 18. Biodiversity database referenced in validation report: ""List of sightings of flora and fauna (bird species, insects included)"""	"PDD, section K3: ""KMFRI will use its research capacity to train community members on participatory
monitoring and reporting of environmental and biodiversity impacts."" Fauna are not reported on in the Annual reports other than notes of forest scouts performing monitoring 3 times per year (Annex 1 in annual reports)"	"""Biodiversity impacts: please see attached document ‘05 Mikoko Pamoja Faunal Survey summary results’"""	-4.416916	39.533055	0	117	1389	emissions = 18052 total / 13 years (2010-2022)
PV	9	Scolel'te	AMBIO	A/R and Improved Forest Management	"1,4,13,15"	Verified	Central America	Mexico	1	2021	1	1	1	1	0	1	0	0	0	0	1	0	0	0	0	1	NA	0	0	0	0	NA	"yes, sample based"	N	N	N	"PDD states that tree species are monitored, but mammals, birds and reptiles are noted from camera trapping surveys in the 2021 annual report; metrics in table 23 of PDD: ""Number of established tree species.
- Number of endangered tree species registered by the IUCN Red List and the NOM-059."""	"""In the last two years (2018-2019), Scolel’te has organized, trained and equipped a group of community technicians able to collect information about the biodiversity impacts of the program. The information is collected every two and six months, depending on the species to be monitored and reported."" Methods unspecified, but camera trapping results are presented in annual report"		15.908281	-93.180732	0	10081	33057	"emissions = 793,361 total / 24 years (1997-2020)"
PV	10	Tahiry Honko	Blue Ventures	A/R and REDD+	"1,4,5,6,13,14,15"	Verified	Africa	Madagascar	1	2023	0	0	0	0	0	1	0	0	0	0	0	0	0	0	0	0	0	0	0	0	0	0	"yes, methods unknown"	N	N	N	"""biodiversity monitoring""; taxa not specified other than the native mangroves planted"	"methods not specified; ""a baseline biodiversity survey was conducted in February 2018""; ""Community monitors have been trained to survey for the indicator species, and regular monitoring will be carried out to determine any impact on the key species""; ""Annual surveys will be collated to model 5-year population trends"""	2018 monitoring results mentioned but not presented	-22.194951	43.306361	0	1230	0	total emissions reduction was listed as 0 so far
PV	11	Trees for Global Benefits	ECOTRUST	A/R and Improved Forest Management	"1,3,6,7,13,15,17"	Verified	Africa	Uganda	1	2023	0	0	0	0	0	1	0	0	0	0	0	0	0	0	0	0	0	0	0	0	0	0	none	NA	N	NA	section K3 in PDD and 5.6.1 in annual report only lists tree species-based metrics (% native species planted); also ha conserved	"only tree species were monitored, exact methods not provided"		0.304742	30.040684	0	6677	194508	"emissions = 3,890,163 total / 20 years (2003-2022)"
PV	12	Vanga	Association for Coastal Ecosystem Services (ACES)	A/R and REDD+	"1,4,5,6,13,14,15,16"	Verified	Africa	Kenya	1	2023	0	0	0	0	1	1	1	0	0	0	0	0	0	0	0	0	0	0	0	0	0	0	"yes, methods unknown"	N	N	Y	"""New recruitments of mangroves and abundance and diversity of fauna such as fish, molluscs and gastropods will be monitored annually."""	"mangroves monitored in 132 forest plots (PDD, Table 1); mangrove stump counts is main measure; no animal methods or results discussed in all 3 annual reports; in 2022 report: ""Additional biodiversity monitoring was not possible this year due to Covid restrictions on travel by students and researchers.""; PDD: ""Fauna: recorded abundance and species diversity of molluscs and, if possible, crabs."""	"PDD: ""Copies of all monitoring data will be kept centrally by the project co-ordinator in Vanga and will be open for anybody to inspect."""	-4.640189	39.228594	0	454	4674	emissions = 14023 total / 3 years (2020-2022); area = sum from table 10 in PDD
PV	13	Bujang Raba	KKI WARSI	REDD+	"1,2,5,13,15"	Verified	Asia	Indonesia	1	2021	1	1	0	0	0	1	0	0	0	0	1	0	0	0	1	1	10	0	0	0	6	NA	"yes, sample based"	Y	N	N	8 species of mammals in the camera trap photos in 2021-2022 annual report; hornbills mentioned as tracked	"PDD: camera traps & patrols: ""...siting or signs of high value species (including tigers, tapir, large primates, bears, hornbills, etc.). Youth and community members active in the forest will also be asked to report on biodiversity…""; Table annex 5c: ""Encounter rates of high conservation value species...10km long patrol route, usually lasting at least 3 days every month"""		1.669401	101.780243	0	5220	30328	"emissions = 303,280 / 10 years (2013-2022); area is forest remaining in 2022"
PV	14	Drawa Rainforest	Live & Learn International	REDD+ and Improved Forest Management	"1,6,8,10,13,15"	Verified	Oceania	Fiji	1	2022	0	0	0	0	0	1	0	0	0	0	0	0	0	0	0	0	0	0	0	0	0	0	"yes, incidental"	NA	N	Y	"unspecified ""flora and fauna"""	"PDD (p 151): ""The Land Management Committee will undertake random transact walks through the Protected Area and count sightings of flora and fauna identified within the baseline.""; called ""ongoing/opportunistic"" ""presence/absence"" surveys in the annual report"	"""Details of the biodiversity monitoring is supplied in Section 8 of the Drawa PD Part B D3.2b v1.0 20151009.""; annual report says monitoring results in unavailable report: ""Drawa Monitoring Report 2 D3.3 v1.1 16122021"""	-16.692009	179.003578	0	1548	14698	emissions = total / 9 years (2012-2020); area = eligible area from PDD
PV	15	Durian Rambun	Fauna & Flora International	REDD+	"1,10,13,15"	Verified	Asia	Indonesia	1	2018	1	1	1	1	0	1	0	0	0	0	1	0	0	0	0	1	NA	0	0	0	0	NA	"yes, sample based"	N	N	Y	PDD states that HCV species are monitored and the number HCV species from each taxonomic group is listed (p. 8)	"""Monthly biodiversity monitoring carried out by community forest patrol teams will mark the location and number of encounters with high conservation value (HCV) species and threats to biodiversity (e.g. cleared forest and trees, poaching, fire).""; AR(2018): ""2015-2017... patrolled 19 times"", reported 7 mammals; camera trap use for tigers stated in PDD, but not reported on in AR(2018); ""10km long patrol route, usually lasting at least 3 days every month"""	"non-patrol monitoring (e.g., camera traps) carried out by Flora & Fauna International, which presumably has reports on the results"	-2.283263	101.882769	0	2516	6618	annual emissions reduction = reported in website text; area = area under mgmt (annual report as of 2018)
PV	16	Hieu Commune	Fauna & Flora International	REDD+	"1,2,10,12,13,15"	Verified	Asia	Vietnam	1	2020	1	0	0	0	0	1	0	0	0	0	0	0	0	0	0	1	0	0	0	0	0	NA	"yes, incidental"	NA	N	N	"monitoring High Conservation Value (HCV) species, mainly 2 primates and 3 species of plants; primates: northern buffed-cheeked gibbon (Nomascus annamensis); grey-shanked douc langur (Pygathrix cinerea)"	"""Monthly biodiversity monitoring carried out by community forest patrol teams will mark the location and number of encounters with high conservation value (HCV) species and threats to biodiversity (e.g. cleared forest and trees, poaching, fire).""; ""Community patrol with technical support of FFI team"""		14.315053	108.049422	0	1238	437	area is total forest area enrolled from PDD; annual emissions reductions = mean of leakage-corrected annual values (years 0-30) from Table 14 (PDD)
PV	17	Khasi Hills Community REDD+	Ka Synjuk Ki Hima Arliang Wah Umiam Mawphlang Welfare Society	REDD+	"1,4,5,13,15"	Verified	Asia	India	1	2022	1	1	1	1	0	1	0	0	0	0	1	0	0	0	0	1	NA	0	0	0	0	NA	"yes, sample based"	N	N	N	"PDD: ""The program monitors the siting of key indicator species of birds, mammals, amphibians, and reptiles."" But only 'key indicator species', and the monitoring indicator in the K3 table includes only ""endangered mammals""."	"camera trap not mentioned in PDD, but results provided in AR; ""The CFs [community facilitators] and youth volunteers record any observations on biodiversity record sheets. Information recorded includes the name of the species observed, time and place, GPS location, evidence of its presence (scat, fur, animal or bird, call, etc.), and the condition of the location. The record is presented and reviewed by the project team at the end of the year."" (PDD); Target is >2 surveys per year"		25.586321	91.433536	0	1871	5047	area of plantings from PDD; annual emissions reduction from PDD Table G8f.
PV	18	Loru Forest	Live & Learn International	REDD+	"1,6,8,10,13,15"	Verified	Oceania	Vanuatu	1	2019	1	1	0	0	0	1	1	0	0	0	0	0	0	0	1	1	0	0	0	0	8	NA	"yes, sample based"	Y	N	N	"AR (2017-2019): ""the presence of invertebrates, birds, bats and plant species has noticeably increased over the seven-year period since the carbon project began"""	"8 monitoring plots, formal visual surveys by forest rangers; AR (2017-2019): ""Biodiversity surveys as routine part of forest ranger role description...Biodiversity survey by means of animal presence/absence recorded...3-yearly collation of data gathered regularly throughout the monitoring period""; ""Biodiversity observations were recorded 4 times during transact walks for forest monitoring and through monitoring 8 plots. The data was collected on the below dates by the following observers"""		-15.20442	167.161137	0	166	3029	area is 'crediting area' of coastal rainforest from PDD; emissions from table 5.5 in 2020 annual report
PV	19	Mikoko Pamoja	Association for Coastal Ecosystem Services (ACES)	REDD+	"1,4,5,6,13,14,15,16"	Verified	Africa	Kenya	1	2022	0	0	0	0	1	1	1	0	0	0	0	0	0	0	0	1	0	0	0	0	0	NA	"yes, incidental"	NA	N	N	"PDD: Native Mangroves planted and monitored; ""Three yearly monitoring of fauna especially crabs in protected areas""; in seagrass: ""Survey of macrofauna (shellfish, sea cucumbers, fish etc.) – basic survey annually supplemented by detailed survey every 5 years"" https://www.frontiersin.org/articles/10.3389/fevo.2019.00062/full"	"""monitoring of fauna"", 3x / yr; methods not specified in PDD; AR specifies that monitoring done by 'forest scouts' that were recruited to monitor for illegal activies like logging or poaching"		-4.418368	39.527997	0	125	791	"area is sum of areas from 3 project zones (PDD); emissions is from Part F, Table 3 in PDD"
PV	20	Nanga Lauk	PRCF Indonesia	REDD+	"1,13,15"	Verified	Asia	Indonesia	1	2022	1	1	1	0	0	1	0	0	0	0	0	0	0	0	0	1	0	0	0	0	0	NA	"yes, incidental"	NA	N	N	Table 14 in 2022 annual report lists all animal species encountered during incidental surveys; plant species and a plant inventory are also discussed	"PDD: ""forest patrol teams will also record signs and sightings of high conservation value species, and threats to biodiversity they encounter during their patrols."""		0.853115	112.294232	0	10599	1308	area is PDD sum of two project areas; emissions reductions from Table 9 (PDD)
PV	21	Punan Long Adiu	LP3M	REDD+	"1,13,15"	Verified	Asia	Indonesia	1	2017	1	1	1	0	0	1	0	0	0	0	0	0	0	0	0	1	0	0	0	0	0	NA	"yes, incidental"	NA	N	Y	"PDD: monitored species will include ""will include keystone species (expected to be indicators for a broader range of species), species significant to international conservation efforts, and species of local interest.""; "	"PDD: ""forest patrol teams will also record signs and sightings of high conservation value species, and threats to biodiversity they encounter during their patrols."" (identical language to Nanga project); ""Location of observation, distance from observer, type of observation (seen/heard), sex and reproductive status (if known), confidence in identification...Location, type of sign (spoor/scat/other), confidence in identification...Recorded by patrol teams...Reported to project coordinator every 3 months"""	"on website it says: ""Awaiting first annual report"""	3.409433	116.53413	0	17415	55216	"PDD: ""55,216 tonnes of CO2 emission reductions per year are expected""; ""The Punan Adiu Customary Community Territory (PACT) covers a total area of 17,415 ha""; note: website says 0 credits issued to date and ""Awaiting first annual report"""
PV	22	Rarakau	Ekos	REDD+ and Improved Forest Management	"13,15"	Verified	Oceania	New Zealand	0	2018	0	1	0	0	0	1	0	0	0	0	0	0	0	0	0	1	0	0	0	0	0	NA	"yes, incidental"	NA	N	Y	"PDD: ""biodiversity"" is monitored, native forests and forest birds are the significant biodiversity cobenefit specified; annual report lists birds and plant species encountered during informal surveys"	"From annual report: ""Bird surveys have involved walking through the forest and forest margins and spotting and listening to birds. Vegetation surveys have involved walking through the forest and forest margins and noting plant species present.""; methods not specified in PDD, but state that paid monitoring will take place if carbon credit funding is available, and simplified monitoring otherwise; results and methods likely occur in unavailable report referenced"	Results of monitoring of biodiversity impacts according to our monitoring plan for the reporting period are provided in Appendix 5 of the Monitoring Report 2 Dc.P1.13 v1.0 2018.	-46.130323	167.603729	0	738	2734	"area from website, emissions from Table 2.7.1 (PDD)"
PV	23	Rehabilitation of the Sahel (REACH)	REACH Italia	REDD+	"1,2,10,13,15"	Verified	Africa	Burkina Faso	1	2018	0	0	0	0	0	1	0	0	0	0	0	0	0	0	0	0	0	0	0	0	0	0	none	NA	N	N	PDD: Number of tree species present on the rehabilitated pasture sites; Number of herbaceous species present on the rehabilitated pasture sites;	Methods of plant (tree and herbaceous species) inventory unspecified; 2019 annual report states that monitoring did not occur due to security issues		14.112399	-0.131051	0	7250	11842	"This project and the other Sahel project (""AGED"") appear to have identical project information, though this (""REACH"") project does not monitor mammals;emmissions reduction: 7250 ha * 49 tCO2e/ha over 30 years"
PV	24	Yaeda-Eyasi Landscape REDD Project	Carbon Tanzania	REDD+	"1,2,3,4,5,8,10,13,15"	Verified	Africa	Tanzania	1	2023	1	1	0	0	0	0	0	0	0	0	0	0	0	0	1	1	0	0	0	0	NA	NA	"yes, sample based"	N	N	N	bird counts at two time points; only medium to large mammals monitored using community member surveyors	"annual report 2023: for birds, ""Timed Species Counts (TSCs) were completed year on year in two locations inside the project area""; PDD: Smartphones carried by ""village game scouts"" to log wildlife locations: ""Monthly presence/absence of tracks, dung and sightings of Giraffe, Elephant, Zebra, Impala, Lesser Kudu, Eland, Buffalo, Warthog, Leopard, Lion, and Wild dog observed by VGSs, compiled annually"""		-3.5	34.5	0	34073	4233	"emmissions reductions: 84,655 tCO2e over 20 years (p. 8 of PDD)"
PV	25	Babatana Rainforest	Natural Resources Development Foundation (NRDF)	Improved Forest Management	"1,6,8,10,13,15"	Verified	Oceania	Soloman Islands	1	2019	1	1	0	1	0	1	0	0	0	0	0	0	0	0	0	1	0	0	0	0	0	NA	"yes, incidental"	NA	N	Y	"PDD: initial rapid assessment focused on ""birds, mammals, frogs and reptiles"" and Table lists plant species of interest for monitoring as well; "	"Website: ""The project uses the Nakau methodology…""; PDD: ""project biodiversity impacts will be measured by means of opportunistic biodiversity
observations, conducted in parallel with the Boundary and EFA inspection. The approach is semi-quantitative...""; performed by ""community rangers"""	"Biodiversity monitoring reporting in Annual Report (2015-2019) in Annex 1 which was ""Supplied as a separate document"" and was unavailable; PDD: ""Details of the biodiversity monitoring are supplied in Section 8.3 of Part B of this PD"""	-7.015229	157.00388	0	806	17423	"emissions reductions from website: ""The project is expected to generate an average of 17,423 tradable carbon credits every year over its duration of 30 years."""
PV	26	Rehabilitation of the Sahel (AGED)	ONG AGED	Improved Forest Management	"1,2,13,15"	Verified	Africa	Burkina Faso	1	2018	1	0	0	0	0	1	0	0	0	0	0	0	0	0	0	1	0	0	0	0	0	NA	"yes, incidental"	N	N	N	"PDD (section K3): Number of tree, herbaceous plant, and mammal species present on the rehabilitated pasture sites; AR: only plant results presented"	"PDD: ""...biodiversity impacts will be biannually assessed during the household and asset survey together with the local communities."""		14.112399	-0.131051	0	7250	11842	"This project and the other Sahel project (""REACH"") appear to have identical project information, though this (""AGED"") project also monitors mammals; emmissions reduction: 7250 ha * 49 tCO2e/ha over 30 years"
SDV	3018	BigCoast Forest Climate Initiative	Mosaic Forest Management Corporation	Agriculture Forestry and Other Land Use (improved forest management)	06: Clean Water and Sanitation; 12: Responsible Consumption and Production; 13: Climate Action; 14: Life Below Water; 15: Life on Land	Verified	North America	Canada	0	2021	0	0	0	0	0	0	0	0	0	0	0	0	0	0	0	0	0	0	0	0	0	0	none	NA	N	NA	mentions benefits to fish and wildlife habitat but no on-the-ground animal or plant monitoring	no mention of on-the-ground animal or plant monitoring; some positive impacts are through donating to conservation orgs		49.123644	-124.595361	1	44022	715834	
SDV	607	Darkwoods Forest Carbon Project	Nature Conservancy of Canada	Agriculture Forestry and Other Land Use (improved forest management)	06: Clean Water and Sanitation; 13: Climate Action; 15: Life on Land	Verified	North America	Canada	0	2022	0	0	0	0	0	0	0	0	0	0	0	0	0	0	0	0	0	0	0	0	0	0	none	NA	N	NA	mentions benefits to grizzly bears but no on-the-ground animal or plant monitoring	only biodiversity metrics are area of forest and area far from roads (to benefit grizzly bears)		49.287034	-116.855066	0	54835	124847	PD states that it was also enrolled in CCB but wasn't in our download
SDV	674	Rimba Raya Biodiversity Reserve Project	InfiniteEARTH	Agriculture Forestry and Other Land Use (avoided deforestation & improved forest management)	"01: No Poverty; 02: Zero Hunger; 03: Good Health and Well-being; 04: Quality Education; 05: Gender Equality; 06: Clean Water and Sanitation; 07: Affordable and Clean Energy; 08: Decent Work and Economic Growth; 09: Industry, Innovation and Infrastructure; 10: Reduced Inequalities; 11: Sustainable Cities and Communities; 12: Responsible Consumption and Production; 13: Climate Action; 14: Life Below Water; 15: Life on Land; 16: Peace, Justice, and Strong Institutions; 17: Partnerships for the Goals"	Verification public comment period requested	Asia	Indonesia	1	2019	0	0	0	0	0	0	0	0	0	0	0	0	0	0	0	0	0	0	0	0	0	0	none	NA	N	NA	"only Orangutans are mentioned, so assume they are at least one of the targets of the unspecified ""biodiversity monitoring"" mentioned; ha of forest is main biodiversity measure; only animal related metric was ""number of orangutans released"""	"MR: ""biodiversity monitoring and forest patrols to protect threatened species"" but no on-the-ground monitoring of animals or plants is mentioned anywhere in PD, VR, or MR; only forest cover and number of orangutans released"		-3.16199	112.286861	0	64977	3527171	"also appears to be under verification by CCB, but was not present in list when CCB projects were downloaded"